{
	"locationToLatLon": {
		"Magyaróvár": {
			"latitutde": 47.8731793,
			"longitude": 17.2722342
		},
		"Erdõd": {
			"latitutde": 45.524931,
			"longitude": 19.0612618
		},
		"Karcag": {
			"latitutde": 47.314846,
			"longitude": 20.9232519
		},
		"Altruppersdorf": {
			"latitutde": 48.69263245,
			"longitude": 16.550044314613
		},
		"Nagykanizsa": {
			"latitutde": 46.4548261,
			"longitude": 16.9923923
		},
		"Péteri": {
			"latitutde": 47.3880659,
			"longitude": 19.4107817
		},
		"Szatmárnémeti": {
			"latitutde": 47.7945819,
			"longitude": 22.8797292
		},
		"Elek": {
			"latitutde": 46.5294265,
			"longitude": 21.2526107
		},
		"Gyõr": {
			"latitutde": 47.687609,
			"longitude": 17.6346815
		},
		"Budapest VIII.": {
			"latitutde": -36.7837643,
			"longitude": -73.1052456
		},
		"Úri": {
			"latitutde": 47.4135085,
			"longitude": 19.5238494
		},
		"Kis-Kólcs": {
			"latitutde": null,
			"longitude": null
		},
		"Tótvázsony": {
			"latitutde": 47.0083012,
			"longitude": 17.7874287
		},
		"Pálosnagymezô": {
			"latitutde": 48.53943,
			"longitude": 18.567207
		},
		"Állampuszta": {
			"latitutde": 46.7190667,
			"longitude": 19.0704416
		},
		"Szatmár-Németi": {
			"latitutde": 47.8005657,
			"longitude": 22.874753397349
		},
		"Marcali": {
			"latitutde": 46.5833484,
			"longitude": 17.4123002
		},
		"Graz": {
			"latitutde": 47.0702563,
			"longitude": 15.4385716
		},
		"Óbuda": {
			"latitutde": 47.5385916,
			"longitude": 19.0395611
		},
		"-": {
			"latitutde": null,
			"longitude": null
		},
		"Kuncsorba": {
			"latitutde": 47.1282678,
			"longitude": 20.5552834
		},
		"Gölle": {
			"latitutde": 46.4412291,
			"longitude": 18.0135054
		},
		"Budapest": {
			"latitutde": 47.4983815,
			"longitude": 19.0404707
		},
		"Mosonmagyaróvár": {
			"latitutde": 47.8731793,
			"longitude": 17.2722342
		},
		"Tatabánya": {
			"latitutde": 47.5837788,
			"longitude": 18.3980308
		},
		"Wien": {
			"latitutde": 48.2083537,
			"longitude": 16.3725042
		},
		"Kis-Kolcs": {
			"latitutde": null,
			"longitude": null
		},
		"Törökszentmiklós-Pusztatenyô": {
			"latitutde": null,
			"longitude": null
		},
		"Modor": {
			"latitutde": 48.3357255,
			"longitude": 17.3087863
		},
		"Bécs": {
			"latitutde": 48.2083537,
			"longitude": 16.3725042
		},
		"Törökszentmiklós": {
			"latitutde": 47.1793568,
			"longitude": 20.409153
		},
		"Hajmáskér": {
			"latitutde": 47.1444695,
			"longitude": 18.0142678
		},
		"Esztergom": {
			"latitutde": 47.7856977,
			"longitude": 18.7403349
		},
		"Csákvár": {
			"latitutde": 47.3918045,
			"longitude": 18.464064
		},
		"Veszprém": {
			"latitutde": 47.0916334,
			"longitude": 17.9116007
		},
		"Ajka": {
			"latitutde": 47.1056579,
			"longitude": 17.5587276
		},
		"Szeged": {
			"latitutde": 46.2546312,
			"longitude": 20.1486016
		},
		"Szenkirályszabadja": {
			"latitutde": null,
			"longitude": null
		},
		"Szimandra": {
			"latitutde": null,
			"longitude": null
		},
		"Visk": {
			"latitutde": 48.0463001,
			"longitude": 23.42903
		},
		"Vámos": {
			"latitutde": 35.4075119,
			"longitude": 24.1981207
		},
		"Szatmár": {
			"latitutde": 48.0297821,
			"longitude": 22.0040108
		},
		"FL, USA": {
			"latitutde": 27.7567667,
			"longitude": -81.4639835
		},
		"Magyarszerdahely": {
			"latitutde": 46.5554057,
			"longitude": 16.937305
		},
		"Mikola": {
			"latitutde": 47.0079887,
			"longitude": 23.9417943
		},
		"Szajol": {
			"latitutde": 47.1764886,
			"longitude": 20.2996108
		},
		"Parma/Cuyahoga": {
			"latitutde": 41.3822398,
			"longitude": -81.7355692
		},
		"Neumarkt": {
			"latitutde": 46.3169161,
			"longitude": 11.2725698
		},
		"Felsõturcsek": {
			"latitutde": null,
			"longitude": null
		},
		"Ada (Szerbia)": {
			"latitutde": 43.220133,
			"longitude": 22.4120497931248
		},
		"Vasvár": {
			"latitutde": 47.0490649,
			"longitude": 16.7998821
		},
		"Szkleno": {
			"latitutde": null,
			"longitude": null
		},
		"Cikolasziget": {
			"latitutde": 47.9343312,
			"longitude": 17.3744568
		},
		"Cleveland/Cuyahoga": {
			"latitutde": 41.5051613,
			"longitude": -81.6934446
		},
		"Nemesvámos": {
			"latitutde": 47.0548638,
			"longitude": 17.8718258
		},
		"Veszprém (?)": {
			"latitutde": 47.0916334,
			"longitude": 17.9116007
		},
		"Gyömrõ": {
			"latitutde": null,
			"longitude": null
		},
		"Tósokberénd": {
			"latitutde": 47.1008254,
			"longitude": 17.5243142
		},
		"Budapest X. ker.": {
			"latitutde": -2.8998459,
			"longitude": -78.9347227
		},
		"Mosonszentandrás": {
			"latitutde": 47.7841321,
			"longitude": 16.9415
		},
		"Moson": {
			"latitutde": 47.8594524,
			"longitude": 17.27057
		},
		"Miskolc": {
			"latitutde": 48.1031517,
			"longitude": 20.7902158
		},
		"Mátészalka": {
			"latitutde": 47.9539113,
			"longitude": 22.3208477
		},
		"USA": {
			"latitutde": 39.7837304,
			"longitude": -100.4458825
		},
		"Budapest / Soroksár": {
			"latitutde": 47.4025482,
			"longitude": 19.1184601
		},
		"Újrónafõ": {
			"latitutde": 47.8107082,
			"longitude": 17.2019677
		},
		"Pápa": {
			"latitutde": 47.3261087,
			"longitude": 17.4705293
		},
		"Kôvárhosszúfalu": {
			"latitutde": 47.5711038,
			"longitude": 23.4281496
		},
		"Zirc": {
			"latitutde": 47.2613795,
			"longitude": 17.8718188
		},
		"Freiwaldau": {
			"latitutde": 50.2296385,
			"longitude": 17.2046012
		},
		"Kaposvár": {
			"latitutde": 46.3564692,
			"longitude": 17.7886886
		},
		"Budapest/Óbuda": {
			"latitutde": 47.5385916,
			"longitude": 19.0395611
		},
		"Pécs": {
			"latitutde": 46.0763222,
			"longitude": 18.2280746
		},
		"Szigetszentmárton": {
			"latitutde": 47.2286092,
			"longitude": 18.9576052
		},
		"Wolfsberg": {
			"latitutde": 52.4205588,
			"longitude": 10.7861682
		},
		"Hercegfalva": {
			"latitutde": null,
			"longitude": null
		},
		"Zágráb": {
			"latitutde": null,
			"longitude": null
		},
		"Thessaloniki": {
			"latitutde": null,
			"longitude": null
		},
		"Kistarcsa": {
			"latitutde": 47.5447322,
			"longitude": 19.2636378
		},
		"Szombathely": {
			"latitutde": 47.2291184,
			"longitude": 16.6187625
		},
		"Don-kanyar": {
			"latitutde": 47.2235442,
			"longitude": 18.5792008343404
		},
		"Egyházashetye": {
			"latitutde": 47.1695366,
			"longitude": 17.1197109
		},
		"Lengyeltóti": {
			"latitutde": 46.667132,
			"longitude": 17.6412975
		},
		"Gönyü": {
			"latitutde": 47.7331432,
			"longitude": 17.8279231
		},
		"Gyula": {
			"latitutde": 46.6438656,
			"longitude": 21.2747575
		},
		"Szentkirályszabadja": {
			"latitutde": 47.0565157,
			"longitude": 17.9705319
		},
		"Tompojevci": {
			"latitutde": 45.2342366,
			"longitude": 19.0915559
		}
	}
}
